,token,rate
0,一柱擎天,2
1,女艺人,2
2,舞女,2
3,女色,2
4,歌妓,2
5,暴徒,2
6,子宫,2
7,尿道,2
8,黑丝袜,2
9,嗜酒,2
10,黑丝,2
11,鲜妹,2
12,高涨,2
13,高利贷,2
14,骚话,2
15,骚有,2
16,骚摇著,2
17,骚扰,2
18,骚得,2
19,鸳鸯浴,2
20,骚味,2
21,猎奇,2
22,陈冠希,2
23,窥视,2
24,少女,2
25,美少女,2
26,放荡不羁,2
27,粪便,2
28,女星,2
29,阴道口,2
30,不忍直视,2
31,惊奇,2
32,悲痛,2
33,虐恋,2
34,地狱,2
35,疏忽,2
36,伴侣,2
37,可怜,2
38,鸦片,2
39,怀孕,2
40,私生子,2
41,体液,2
42,更衣,2
43,骑射,2
44,骑上来,2
45,野鸡,2
46,野猫,2
47,采花,2
48,酒醉,2
49,酒店,2
50,酒吧女,2
51,避孕,2
52,遮挡,2
53,钢管,2
54,逼逼,2
55,逼求,2
56,透明装,2
57,送上门,2
58,迷迷,2
59,迷翻,2
60,奇异,2
61,迷离,2
62,迷歼,2
63,逼破,2
64,骑乘,2
65,钢管舞,2
66,闷骚,2
67,饥渴,2
68,风骚,2
69,风韵,2
70,风月,2
71,顶坏,2
72,顶不住,2
73,韵妇,2
74,韵味,2
75,销魂,2
76,靓妹,2
77,青色,2
78,露露,2
79,露脸,2
80,露出,2
81,难耐,2
82,陪酒,2
83,女孩,2
84,大便,2
85,靓妞,2
86,丑恶,2
87,睾丸,2
88,污水,2
89,本性,2
90,宫女,2
91,酗酒,2
92,惨况,2
93,爱抚,2
94,萌系,2
95,美色,2
96,生殖器,2
97,轻浮,2
98,美艳,2
99,肿瘤,2
100,权贵,2
101,生殖器官,2
102,不忠,2
103,模特儿,2
104,清纯,2
105,私欲,2
106,冲动,2
107,歌女,2
108,阴囊,2
109,青春期,2
110,人性,2
111,撞飞,2
112,整死,2
113,守贞,2
114,滥用,2
115,女下,2
116,男上,2
117,男下,2
118,女上,2
119,妻妾,2
120,羞羞,2
121,处子,2
122,泡妞,2
123,下半身,2
124,遍体鳞伤,2
125,鲜为人知,2
126,揭秘,2
127,啪啪啪,2
128,啪啪,2
129,咪咪,2
130,尿液,2
131,阴部,2
132,痛打,2
133,醉酒,2
134,女演员,2
135,不满,2
136,同性恋,2
137,宅男,2
138,拷打,2
139,卖艺,2
140,围殴,2
141,混蛋,2
142,娱乐场所,2
143,艺妓,2
144,伪君子,2
145,阴户,2
146,露骨,2
147,偷渡,2
148,全身,2
149,废柴,2
150,污泥,2
151,绯闻,2
152,粗俗,2
153,受害者,2
154,亲热,2
155,施暴,2
156,会阴,2
157,亵渎,2
158,奴仆,2
159,婢女,2
160,勃起,2
161,放纵,2
162,慰安妇,2
163,西门庆,2
164,淫秽,2
165,AV,2
166,子宫颈,2
167,遗精,2
168,邪术,2
169,交际花,2
170,美人,2
171,女侍,2
172,好赌,2
173,赤裸,2
174,迷死人,2
175,迷晕,2
176,迷昏,2
177,迷倒,2
178,美女,2
179,网袜,2
180,网约,2
181,缓交,2
182,绿了,2
183,绝色,2
184,结过婚,2
185,绑起来,2
186,美女视频,2
187,绑缚,2
188,约见,2
189,紧逼,2
190,素人,2
191,糟蹋,2
192,精油,2
193,精子,2
194,粗口,2
195,竖起,2
196,绑架,2
197,窥探,2
198,美妹,2
199,翘乳,2
200,能射,2
201,胸部,2
202,胸脯,2
203,胸罩,2
204,胸围,2
205,胯下,2
206,背叛,2
207,肿起来,2
208,羞死,2
209,肿大,2
210,肚兜,2
211,肉感,2
212,肉体,2
213,肉丝,2
214,肆射,2
215,耻辱,2
216,翘起,2
217,翘着,2
218,肛门,2
219,窒息,2
220,空虚,2
221,空姐,2
222,班花,2
223,烧成,2
224,环肥燕瘦,2
225,玩虐,2
226,玩累,2
227,玩坏,2
228,玉女,2
229,猴急,2
230,用力插,2
231,献身,2
232,猛草,2
233,猛料,2
234,猛射,2
235,猛入,2
236,猎艳,2
237,狗奴,2
238,狐狸精,2
239,狐媚,2
240,献出,2
241,电女,2
242,男干,2
243,番号,2
244,穴道,2
245,秘书,2
246,私通,2
247,私生活,2
248,私房,2
249,私处,2
250,禽兽,2
251,破红,2
252,知性美,2
253,知性,2
254,矜持,2
255,睡不着,2
256,直播,2
257,直喊,2
258,盗录,2
259,百合,2
260,白浆,2
261,瘫软,2
262,瘫坐,2
263,脏话,2
264,抛弃,2
265,脱下,2
266,脱光,2
267,超正,2
268,超有,2
269,超大,2
270,起不来,2
271,走私,2
272,赤身,2
273,赌场,2
274,赌博,2
275,超水,2
276,贿赂,2
277,货色,2
278,貌美,2
279,豪放,2
280,调戏,2
281,调情,2
282,调养,2
283,诱骗,2
284,诱惑,2
285,贵妇,2
286,诱心,2
287,超清,2
288,超紧,2
289,迭起,2
290,进逼,2
291,辣妹,2
292,辣妈,2
293,轮著,2
294,轮流,2
295,身材,2
296,蹄子,2
297,超爽,2
298,蹂躏,2
299,跪坐,2
300,跟踪,2
301,跑友,2
302,趴着,2
303,趴在,2
304,趴下,2
305,超诱,2
306,超纯,2
307,跳舞,2
308,诱人,2
309,警花,2
310,解欲,2
311,荡漾,2
312,草泥马,2
313,色魔,2
314,色狼,2
315,良家,2
316,舔着,2
317,自爱,2
318,自渎,2
319,菊花,2
320,自摸,2
321,臀部,2
322,臀小,2
323,脱裤子,2
324,脱衣,2
325,脱脱,2
326,脱给,2
327,脱掉,2
328,脱想,2
329,自拍,2
330,萌妹,2
331,萎缩,2
332,萝莉型,2
333,解开,2
334,要射,2
335,裸露,2
336,裸着,2
337,裸替,2
338,裸成,2
339,裸体,2
340,裤衩,2
341,双飞,2
342,装露,2
343,被绑,2
344,袒胸,2
345,行窃,2
346,血块,2
347,蜜液,2
348,蜂腰,2
349,蛋蛋,2
350,虐待,2
351,萝莉女,2
352,脱下来,2
353,曝光,2
354,女顾客,2
355,虐狗,2
356,炸毁,2
357,毁坏,2
358,摧毁,2
359,引爆,2
360,大打出手,2
361,争议,2
362,幼童,2
363,忏悔,2
364,烧毁,2
365,急救,2
366,幅射,2
367,畸形,2
368,竟然,2
369,斩首,2
370,魔鬼,2
371,诧异,2
372,帮派,2
373,痛恨,2
374,目击,2
375,嚣张,2
376,毁灭,2
377,出事,2
378,歧视,2
379,保命,2
380,极端份子,2
381,激进份子,2
382,极端分子,2
383,激进分子,2
384,丑女,2
385,惊现,2
386,夷平,2
387,惊见,2
388,毛骨悚然,2
389,堕胎,2
390,受孕,2
391,幽灵,2
392,白骨,2
393,幽灵,2
394,围攻,2
395,低俗,2
396,狂热,2
397,混混,2
398,犯罪集团,2
399,黑手党,2
400,抗议,2
401,丑男,2
402,剧痛,2
403,汗味,2
404,绝症,2
405,患上,2
406,男童,2
407,女童,2
408,抵制,2
409,砍断,2
410,惊恐,2
411,破灭,2
412,愤怒,2
413,竟有,2
414,排泄,2
415,排泄物,2
416,砍成,2
417,电击,2
418,咬断,2
419,骂战,2
420,肢体冲突,2
421,巫术,2
422,黑道,2
423,黑社会,2
424,黑帮,2
425,擅自,2
426,狗肉,2
427,震惊,2
428,世界末日,2
429,惨痛,2
430,凄惨,2
431,动荡,2
432,战祸,2
433,战火,2
434,战乱,2
435,结果,2
436,无法忍受,2
437,踩死,2
438,处决,2
439,临刑,2
440,迷信,2
441,被指,2
442,逃亡,2
443,极端,2
444,肮脏,2
445,闻所未闻,2
446,不可思议,2
447,频出,2
448,频现,2
449,心理阴影,2
450,恶棍,2
451,臭名昭著,2
452,声名狼藉,2
453,裹尸,2
454,恶名,2
455,残酷,2
456,惨叫,2
457,脑瘫,2
458,夹住,2
459,惨被,2
460,搞得,2
461,闹出,2
462,闹得,2
463,坠地,2
464,闹得,2
465,血渍,2
466,鲜血,2
467,4p,2
468,3p,2
469,求欢,2
470,片子,2
471,苍老师,2
472,丧病,2
473,哭闹,2
474,重伤,2
475,血迹,2
476,呛声,2
477,当众,2
478,危害,2
479,车祸,2
480,秘密,2
481,公愤,2
482,短命,2
483,不忍,2
484,拼死,2
485,惊人,2
486,生死未卜,2
487,阴谋,2
488,黑暗,2
489,杀手,2
490,噩梦,2
491,为获,2
492,打闹,2
493,恐惧,2
494,骇人,2
495,可怕,2
496,当着,2
497,奇怪,2
498,断头,2
499,卑劣,2
500,粗暴,2
501,蛮横,2
502,顽固,2
503,处罚,2
504,战争,2
505,罪恶,2
506,倒地,2
507,炫富,2
508,披露,2
509,吃不下,2
510,捐精,2
511,死刑,2
512,死刑犯,2
513,被害人,2
514,受害人,2
515,末日,2
516,脱光光,2
517,遗体,2
518,尸,2
519,太平间,2
520,花花公子,2
521,鬼哭,2
522,为时已晚,2
523,可惜,2
524,报警,2
525,怀胎,2
526,污染,2
527,泛滥,2
528,揭露,2
529,傻眼,2
530,小便,2
531,狂虐,2
532,不顾,2
533,亲密接触,2
534,罩杯,2
535,狠批,2
536,昏迷,2
537,被爆,2
538,病死,2
539,恶作剧,2
540,腋下,2
541,热吻,2
542,34B,2
543,同居,2
544,判刑,2
545,缩胸,2
546,隆胸,2
547,整容,2
548,侵害,2
549,过猛,2
550,名模,2
551,邪恶,2
552,分居,2
553,下衣,2
554,35B,2
555,34C,2
556,车撞,2
557,死神,2
558,恶魔,2
559,恶狗,2
560,悍妇,2
561,报复,2
562,堕地,2
563,害命,2
564,36B,2
565,癖,2
566,36E,2
567,35E,2
568,34E,2
569,36D,2
570,35D,2
571,34D,2
572,36C,2
573,35C,2
574,产子,2
575,遇难,2
576,丧命,2
577,妖艳,2
578,火辣,2
579,拐卖,2
580,口味,2
581,惨遭,2
582,充气,2
583,哀嚎,2
584,调教,2
585,伪娘,2
586,初夜,2
587,节操,2
588,跪地,2
589,跳楼,2
590,狂揍,2
591,女兵,2
592,辣眼,2
593,狂骂,2
594,虐,2
595,出血,2
596,怼,2
597,臀,2
598,软禁,2
599,发床,2
600,羞耻,2
601,失贞,2
602,憎恨,2
603,悲惨,2
604,目睹,2
605,解体,2
606,恐怖,2
607,吓人,2
608,闺房,2
609,男同志,2
610,隐情,2
611,遭弃,2
612,遇害,2
613,死,2
614,已死,2
615,硫酸,2
616,死亡,2
617,非议,2
618,裸腿,2
619,惊了,2
620,痛失,2
621,怒,2
622,离家出走,2
623,霸凌,2
624,欺凌,2
625,骗局,2
626,震怒,2
627,痛骂,2
628,怒斥,2
629,咒骂,2
630,怒骂,2
631,欺侮,2
632,愤恨,2
633,沉迷,2
634,辗压,2
635,辗过,2
636,撞死,2
637,囚禁,2
638,拘禁,2
639,监禁,2
640,非法,2
641,震怒,2
642,太惨,2
643,屡遭,2
644,疯传,2
645,伤害,2
646,威胁,2
647,姐妹花,2
648,IS,2
649,上访,2
650,惊魂,2
651,打击,2
652,欺压,2
653,亡命,2
654,遭,2
655,疯狂,2
656,突然,2
657,啃咬,2
658,惊险,2
659,残骸,2
660,事件,2
661,弃婴,2
662,红灯,2
663,暴躁,2
664,报复,2
665,凶残,2
666,残暴,2
667,荒诞,2
668,被迫,2
669,竟,2
670,卡住,2
671,硬上,2
672,戴套,2
673,悲情,2
674,女犯人,2
675,割断,2
676,丁丁,2
677,命案,2
678,怪异,2
679,肇事,2
680,撞车,2
681,离奇,2
682,寡妇村,2
683,杀死,2
684,被害,2
685,不幸,2
686,荒谬,2
687,灾祸,2
688,杀身之祸,2
689,残忍,2
690,爆料,2
691,逼使,2
692,被逼,2
693,苦难,2
694,危险,2
695,乞讨,2
696,奚落,2
697,舌吻,2
698,强硬,2
699,吃豆腐,2
700,入侵,2
701,硬塞,2
702,无处可逃,2
703,劫难,2
704,下场,2
705,慎入,2
706,爆炸,2
707,灾厄,2
708,烧死,2
709,狂草,2
710,裙底,2
711,狂干口,2
712,干射,2
713,干夜,2
714,干塌,2
715,干坏,2
716,干哭,2
717,干到,2
718,带血,2
719,干晕,2
720,崩溃,2
721,屌,2
722,屁股,2
723,屁屁,2
724,尺度,2
725,少妇,2
726,小裤,2
727,小蜜,2
728,屌丝,2
729,干死,2
730,干爹,2
731,干破,2
732,引诱,2
733,弄湿,2
734,弄射,2
735,弄姿,2
736,开裆,2
737,开草,2
738,开档,2
739,开放,2
740,开干,2
741,底线,2
742,应召,2
743,床片,2
744,床头,2
745,床上,2
746,幽会,2
747,干进,2
748,干翻,2
749,小萝莉妹,2
750,小浪,2
751,小护士,2
752,小性,2
753,妹纸,2
754,妹子,2
755,妖精,2
756,妈咪,2
757,好身材,2
758,奸,2
759,奶牛,2
760,奶水,2
761,女郎,2
762,女警,2
763,女网友,2
764,女网,2
765,女秘书,2
766,女秘,2
767,女神,2
768,女研究生,2
769,女王,2
770,妻群,2
771,弯腰,2
772,姿势,2
773,娇喘,2
774,小奴,2
775,射进去,2
776,射射,2
777,射出,2
778,射不出,2
779,寡妇,2
780,宾馆,2
781,学生妹,2
782,嫩草,2
783,嫩模,2
784,嫩妹,2
785,嫩女,2
786,娱乐圈,2
787,娇娃,2
788,娇妻,2
789,娇声,2
790,娇嗔,2
791,姿色,2
792,女模,2
793,强制,2
794,强来,2
795,挺拔,2
796,振动器,2
797,挤挤,2
798,挤出来,2
799,挣扎,2
800,按摩房,2
801,按摩,2
802,捂着脸,2
803,拜金女,2
804,痛苦,2
805,拍骚,2
806,拉屎,2
807,抽查,2
808,抽搐,2
809,抽出,2
810,护士,2
811,拔出来,2
812,捆着,2
813,捆绑,2
814,换取,2
815,插进,2
816,插起来,2
817,插死,2
818,插式,2
819,插嘴,2
820,插口,2
821,插出,2
822,插入,2
823,提枪,2
824,揉捏,2
825,掰开,2
826,推车,2
827,推摸,2
828,推倒,2
829,接插,2
830,接客,2
831,排卵,2
832,抚摸,2
833,折磨,2
834,抗插,2
835,技校,2
836,恋夜,2
837,灼伤,2
838,剧毒,2
839,凶险,2
840,性感美,2
841,性感,2
842,怒射,2
843,忍不住,2
844,必射,2
845,微露,2
846,微虐,2
847,微毛,2
848,微博萝莉,2
849,征服,2
850,录像,2
851,强行,2
852,强片,2
853,恋物癖,2
854,强女,2
855,情人,2
856,情妇,2
857,技师,2
858,扮演,2
859,扭玩,2
860,打泡,2
861,打桩机,2
862,打桩,2
863,打屁股,2
864,扒开,2
865,扑倒,2
866,所欲,2
867,成人,2
868,意淫,2
869,想要,2
870,想射,2
871,情趣,2
872,情话,2
873,情爱,2
874,情夫,2
875,插进去,2
876,女护士,2
877,女同,2
878,兔女郎,2
879,充气,2
880,像头,2
881,偷看,2
882,偷溜,2
883,偷摸,2
884,偷拍,2
885,全湿,2
886,偷吃,2
887,侵犯,2
888,被騙,2
889,侧入,2
890,侦探,2
891,体位,2
892,伺候,2
893,伟哥,2
894,保守,2
895,公主,2
896,兴奋,2
897,兴起,2
898,前戏,2
899,剃毛,2
900,刺激,2
901,制服,2
902,别射,2
903,分泌物,2
904,分泌,2
905,分手,2
906,出轨,2
907,出水,2
908,出台,2
909,凸起,2
910,冰火,2
911,写真,2
912,内裤,2
913,内衣,2
914,兼职,2
915,会所,2
916,轻生,2
917,人妻,2
918,人妖,2
919,丑男,2
920,不轨,2
921,不射,2
922,不堪,2
923,下身,2
924,断手指,2
925,下跪,2
926,异形,2
927,惨烈,2
928,下药,2
929,下火,2
930,下流,2
931,下垂,2
932,下体,2
933,上瘾,2
934,上床,2
935,三围,2
936,丝袜,2
937,动姐,2
938,丝袜美女,2
939,中出,2
940,人体艺术,2
941,人体,2
942,交枪,2
943,交后,2
944,互玩假,2
945,互玩,2
946,互慰,2
947,二女,2
948,乳贴,2
949,乳蜜,2
950,乳晕,2
951,乳房,2
952,乳头,2
953,乱摸,2
954,乱搞,2
955,乱叫,2
956,丰胸,2
957,丝袜美腿,2
958,女学生,2
959,勾搭,2
960,包房,2
961,夜场,2
962,外露,2
963,外泄,2
964,外快,2
965,处女膜,2
966,处女,2
967,塞住,2
968,夜店,2
969,堕落,2
970,坦露,2
971,坦胸,2
972,坐交,2
973,圣水,2
974,器官,2
975,喷逆,2
976,喷血,2
977,垂涎,2
978,夜总会,2
979,大学女生,2
980,大水,2
981,女友,2
982,女厕,2
983,女医生,2
984,女内裤,2
985,女主肉,2
986,女主玩,2
987,女主播,2
988,套路,2
989,奔放,2
990,奉献,2
991,失身,2
992,失足,2
993,失禁,2
994,夫妻生活,2
995,大鸡,2
996,大鸟,2
997,大草,2
998,喷湿,2
999,喷水,2
1000,喷射,2
1001,喷出来,2
1002,吃奶,2
1003,可约,2
1004,可射,2
1005,叫鸡,2
1006,叫声,2
1007,叫喊,2
1008,叫个不停,2
1009,口味重,2
1010,变态,2
1011,取精,2
1012,发情,2
1013,发廊,2
1014,双珠,2
1015,双洞,2
1016,厮混,2
1017,卖肉,2
1018,卖弄,2
1019,吊带装,2
1020,勾起,2
1021,吊绑,2
1022,后水,2
1023,喝醉,2
1024,喘息声,2
1025,喘息,2
1026,喂奶,2
1027,唾弃,2
1028,哄骗,2
1029,哀求,2
1030,吹箫,2
1031,吸毒,2
1032,吸干,2
1033,吸完,2
1034,吸奶,2
1035,吸吮,2
1036,吮吸,2
1037,含化,2
1038,吞掉,2
1039,后门,2
1040,后妹,2
1041,插进来,2
1042,sm,2
1043,正妹,2
1044,暴虐,2
1045,洗澡,2
1046,洗脚,2
1047,洞房,2
1048,活好,2
1049,暴好,2
1050,炮击,2
1051,炮人,2
1052,灰丝,2
1053,操女,2
1054,暴力,2
1055,暗示,2
1056,火焚,2
1057,流出,2
1058,流氓,2
1059,烂醉,2
1060,晃动,2
1061,暴露,2
1062,热舞,2
1063,校花,2
1064,查房,2
1065,泄火,2
1066,来潮,2
1067,服侍,2
1068,月经,2
1069,操下,2
1070,泡到,2
1071,操会,2
1072,熟妇,2
1073,泻火,2
1074,熟女,2
1075,操听,2
1076,操命,2
1077,焚身,2
1078,洗洗,2
1079,流水,2
1080,灌满,2
1081,浪友,2
1082,淋漓,2
1083,放药,2
1084,放片,2
1085,擦边球,2
1086,擦边,2
1087,操高,2
1088,清规,2
1089,下葬,2
1090,操有,2
1091,操送,2
1092,操著,2
1093,不守,2
1094,操水,2
1095,操求,2
1096,操练,2
1097,深入,2
1098,放进去,2
1099,无毛,2
1100,温存,2
1101,灌晕,2
1102,浪得,2
1103,激战,2
1104,操干,2
1105,激情,2
1106,潮时,2
1107,浴场,2
1108,爆出,2
1109,潜规则,2
1110,漏出,2
1111,滴蜡,2
1112,早熟,2
1113,湿身,2
1114,渴望,2
1115,涂身,2
1116,润滑,2
1117,漏比,2
1118,爆后,2
1119,洗浴,2
1120,爆扣,2
1121,撕烂,2
1122,撕掉,2
1123,沦为,2
1124,毒龙,2
1125,摧残,2
1126,棒棒,2
1127,撒尿,2
1128,爱爱,2
1129,犯滥,2
1130,毛粉,2
1131,爆拳,2
1132,水太,2
1133,水女,2
1134,摆布,2
1135,撕坏,2
1136,揩油,2
1137,水床,2
1138,求约,2
1139,没脱,2
1140,搭讪,2
1141,爱女,2
1142,搞完,2
1143,求饶,2
1144,爆大,2
1145,歌姬,2
1146,母狗,2
1147,打手枪,2
1148,撸,2
1149,横流,2
1150,欠下,2
1151,欢娱,2
1152,沐浴,2
1153,正点,2
1154,撕裂,2
1155,沾湿,2
1156,狂叫,2
1157,搂抱,2
1158,犹存,2
1159,摸摸,2
1160,爱丝,2
1161,没射,2
1162,狂射,2
1163,搔首,2
1164,伊斯兰国,3
1165,奶嫩妹,3
1166,恐怖分子,3
1167,胸湖,3
1168,淫,3
1169,喷尿,3
1170,奶妹,3
1171,凶杀案,3
1172,凶杀,3
1173,粪山,3
1174,谋杀,3
1175,基地组织,3
1176,塔利班,3
1177,尸骸,3
1178,胸射,3
1179,咸片,3
1180,肉洞,3
1181,奶波,3
1182,肉蒲团,3
1183,肏,3
1184,肛交,3
1185,毒贩,3
1186,波霸,3
1187,肛塞,3
1188,淫妇,3
1189,肤白奶,3
1190,丑闻,3
1191,肥乳,3
1192,胸扣,3
1193,奶小,3
1194,吸精,3
1195,奶子,3
1196,呻吟,3
1197,淫声,3
1198,毙命,3
1199,胸器,3
1200,淫乱,3
1201,胸妹,3
1202,残忍至极,3
1203,七窍流血,3
1204,七孔流血,3
1205,狂母,3
1206,怪病,3
1207,淫女,3
1208,喷潮,3
1209,浪荡,3
1210,奶头,3
1211,肢解,3
1212,绞死,3
1213,大咪,3
1214,死去,3
1215,大奶,3
1216,女优,3
1217,荡女,3
1218,草骚,3
1219,大奶妹,3
1220,女上位,3
1221,恶翻,3
1222,艳遇,3
1223,套套,3
1224,舔阴,3
1225,大骚,3
1226,艳舞,3
1227,艳照,3
1228,色情,3
1229,太妹,3
1230,太骚,3
1231,色霸,3
1232,色诱,3
1233,遗骸,3
1234,尸骨,3
1235,女尸,3
1236,炸弹,3
1237,反人类,3
1238,血肉模糊,3
1239,荡妇,3
1240,惨无人道,3
1241,殴打,3
1242,邪门,3
1243,撞毙,3
1244,腐尸,3
1245,浮尸,3
1246,毒打,3
1247,浪货,3
1248,器炮,3
1249,蜜穴,3
1250,毛片,3
1251,蛮浪,3
1252,坐台女,3
1253,流淫,3
1254,送命,3
1255,打砸,3
1256,堕胎,3
1257,女奴,3
1258,强拆,3
1259,恶霸,3
1260,杀戮,3
1261,臀粉,3
1262,臀露,3
1263,外遇,3
1264,自慰,3
1265,背脊发凉,3
1266,后入,3
1267,骚到,3
1268,肉棒,3
1269,皮条,3
1270,逼死,3
1271,贱夫,3
1272,焚尸,3
1273,自杀,3
1274,闹鬼,3
1275,切腹,3
1276,爆吞,3
1277,二奶,3
1278,痴女,3
1279,勒脖,3
1280,乳装,3
1281,爆奶,3
1282,乳神级,3
1283,ISIS,3
1284,拷问,3
1285,逼供,3
1286,爆乳人,3
1287,拷打,3
1288,安全套,3
1289,交爱,3
1290,炮架,3
1291,做爱,3
1292,信约,3
1293,炮白富,3
1294,炮约,3
1295,炮露,3
1296,侮辱,3
1297,点高潮,3
1298,破身,3
1299,破处,3
1300,狂殴,3
1301,吓死,3
1302,人骚,3
1303,真他妈,3
1304,死法,3
1305,爆丰,3
1306,爆乳,3
1307,毁容,3
1308,偷情,3
1309,暴力手段,3
1310,非人,3
1311,玩淫,3
1312,惨不忍睹,3
1313,玩弄,3
1314,爆精,3
1315,众怒,3
1316,爆胸,3
1317,爆草,3
1318,爆菊,3
1319,猥亵,3
1320,爱液,3
1321,特骚,3
1322,不寒而栗,3
1323,丧心病狂,3
1324,活吃,3
1325,狼友,3
1326,三级片,3
1327,群P,3
1328,玩穴,3
1329,保险套,3
1330,猎精,3
1331,爆爱,3
1332,乳神,3
1333,爆射,3
1334,爆干,3
1335,乳妹,3
1336,掴,3
1337,乳交,3
1338,爆插,3
1339,狂噬,3
1340,头破血流,3
1341,裸女,3
1342,尸血,3
1343,乱性,3
1344,爆淫,3
1345,乱交,3
1346,买春,3
1347,玩骚,3
1348,灾异,3
1349,爆粗,3
1350,肉欲,3
1351,杀人狂,3
1352,杀戒,3
1353,发浪,3
1354,枪杀,3
1355,奶炮,3
1356,射杀,3
1357,淫荡小,3
1358,群交,3
1359,坠海,3
1360,双穴,3
1361,溺毙,3
1362,发生意外,3
1363,出意外,3
1364,淫词,3
1365,淫语,3
1366,惨案,3
1367,暴毙,3
1368,淫骚,3
1369,卖身,3
1370,发骚,3
1371,血案,3
1372,淫荡女,3
1373,咬死,3
1374,淫情,3
1375,淫棍,3
1376,淫水,3
1377,淫液,3
1378,叫床,3
1379,淫片,3
1380,耳光,3
1381,耐草,3
1382,口炮,3
1383,口暴,3
1384,老汉推车,3
1385,口交,3
1386,毒枭,3
1387,变骚,3
1388,变淫,3
1389,变态男,3
1390,淫荡,3
1391,受虐,3
1392,炮机,3
1393,失事,3
1394,卖淫,3
1395,凌虐,3
1396,精射,3
1397,精壶,3
1398,精口,3
1399,内射骚,3
1400,内射粉,3
1401,内射,3
1402,精厕,3
1403,精关,3
1404,粉穴,3
1405,死人,3
1406,全骚,3
1407,窑姐,3
1408,偷窥,3
1409,炮友,3
1410,炮图,3
1411,炮战,3
1412,凌辱,3
1413,淫魔,3
1414,精液,3
1415,激凸,3
1416,泯灭,3
1417,包皮,3
1418,包夜,3
1419,堕楼,3
1420,包养,3
1421,绿帽,3
1422,勾引,3
1423,闹婚,3
1424,力淫,3
1425,前穴,3
1426,杀人魔,3
1427,杀人,3
1428,杀人犯,3
1429,行凶,3
1430,血腥,3
1431,潮吹,3
1432,红穴,3
1433,出尿,3
1434,击毙,3
1435,妹口,3
1436,奶萝莉,3
1437,避孕套,3
1438,手淫,3
1439,操好,3
1440,娼,3
1441,操完,3
1442,残害,3
1443,性行为,3
1444,逼肥,3
1445,逼紧,3
1446,一夜情,3
1447,贩毒,3
1448,性侵害,3
1449,奸杀,3
1450,惨状,3
1451,情趣用品,3
1452,情趣内衣,3
1453,操尿,3
1454,情欲,3
1455,逼痒,3
1456,输精管,3
1457,操塌,3
1458,他妈的,3
1459,野合,3
1460,性工作者,3
1461,操哭,3
1462,情色,3
1463,采精,3
1464,性奴隶,3
1465,扣穴,3
1466,外阴,3
1467,打炮,3
1468,酷刑,3
1469,辱骂,3
1470,恶行,3
1471,酥胸,3
1472,杀了,3
1473,卖春,3
1474,操坏,3
1475,操大,3
1476,金瓶梅,3
1477,逼照,3
1478,逼潮,3
1479,玩物,3
1480,性派对,3
1481,性欲强,3
1482,恐吓,3
1483,性欲,3
1484,有染,3
1485,男妓,3
1486,杀害,3
1487,性暴力,3
1488,暧昧关系,3
1489,曝尸,3
1490,操得,3
1491,性暗示,3
1492,性感女,3
1493,操掉,3
1494,性徒,3
1495,男优,3
1496,性爱,3
1497,性爱椅,3
1498,性爱片,3
1499,性片,3
1500,逼水,3
1501,逼射,3
1502,逼够,3
1503,逼味,3
1504,婚外情,3
1505,造爱,3
1506,通奸,3
1507,死谏,3
1508,野炮,3
1509,自焚,3
1510,性贿赂,3
1511,风流,3
1512,性虐,3
1513,性快感,3
1514,性虐待,3
1515,性福,3
1516,性生活,3
1517,色情电影,3
1518,人工流产,3
1519,全裸,3
1520,性高潮,3
1521,有外遇,3
1522,骚逼,3
1523,插淫,3
1524,插比,3
1525,鸡动,3
1526,鸡巴,3
1527,鸡情,3
1528,鸡鸡,3
1529,搞射,3
1530,黄片,3
1531,插射,3
1532,搞醒,3
1533,龟头,3
1534,淫亵,3
1535,强暴,3
1536,摸奶,3
1537,摸穴,3
1538,推油,3
1539,骚货,3
1540,骚语,3
1541,插穴,3
1542,骚装,3
1543,骚劲,3
1544,骚叫,3
1545,插骚,3
1546,骚好,3
1547,骚妇,3
1548,骚妹,3
1549,骚床,3
1550,骑骚,3
1551,性兴奋,3
1552,骚情,3
1553,骚批,3
1554,骚样,3
1555,骚比,3
1556,骚气,3
1557,骚水,3
1558,骚浪,3
1559,骚熟,3
1560,骚级,3
1561,骚想,3
1562,性奴,3
1563,荒淫,3
1564,性刺激,3
1565,指奸,3
1566,拳交,3
1567,阴毛,3
1568,色情片,3
1569,性侵犯,3
1570,阴器,3
1571,阴唇,3
1572,阳痿,3
1573,操上,3
1574,阳具,3
1575,抽插,3
1576,性交时,3
1577,性侵,3
1578,不雅,3
1579,操出,3
1580,操到,3
1581,性描写,3
1582,阴液,3
1583,阴茎,3
1584,挑逗,3
1585,撸管,3
1586,种族灭绝,3
1587,毒品,3
1588,乱伦,3
1589,露骚,3
1590,露点,3
1591,杀夫,3
1592,杀妻,3
1593,臭骂,3
1594,潘金莲,3
1595,性骚扰,3
1596,露奶,3
1597,恶毒,3
1598,红灯区,3
1599,播露,3
1600,隆胸,3
1601,阴道,3
1602,阴蒂,3
1603,割礼,3
1604,捉奸,3
1605,奶舞,3
1606,虐杀,3
1607,性器官,3
1608,变性,3
1609,小三,3
1610,射颜,3
1611,豪乳,3
1612,射精,3
1613,射穴,3
1614,射影,3
1615,死猪,3
1616,射女,3
1617,缠绵,3
1618,寻欢,3
1619,宣淫,3
1620,完骚,3
1621,完炮,3
1622,诱奸,3
1623,模私,3
1624,嫖客,3
1625,货浪,3
1626,嫖娼,3
1627,毒害,3
1628,海洛因,3
1629,屄,3
1630,相残,3
1631,晨炮,3
1632,骨肉相残,3
1633,屁眼,3
1634,成人片,3
1635,艳星,3
1636,小鸡鸡,3
1637,脱衣舞娘,3
1638,小骚,3
1639,暴干,3
1640,暴打,3
1641,贱货,3
1642,避孕,3
1643,小穴,3
1644,暴插,3
1645,吸食,3
1646,可卡因,3
1647,嫖妓,3
1648,婊子,3
1649,AV,3
1650,枪击,3
1651,妓,3
1652,凶案,3
1653,灵异,3
1654,好色,3
1655,性需求,3
1656,奸淫,3
1657,奸夫,3
1658,歌舞伎,3
1659,灭门,3
1660,灭族,3
1661,家破人亡,3
1662,灭口,3
1663,毒手,3
1664,正女,3
1665,奶骚,3
1666,奶露,3
1667,妓女,3
1668,妓院,3
1669,裸播,3
1670,妖鸡,3
1671,av,3
1672,观音坐莲,3
1673,欲女,3
1674,欲望,3
1675,裸身,3
1676,裸舞,3
1677,诅咒,3
1678,裸聊,3
1679,惊悚,3
1680,去死,3
1681,欲求,3
1682,裸照,3
1683,妹约,3
1684,饿死,3
1685,妹操,3
1686,妹恋,3
1687,欲火,3
1688,骚人,3
1689,裸睡,3
1690,春药,3
1691,梅毒,3
1692,性病,3
1693,操爆,3
1694,操瘫,3
1695,暴踢,3
1696,羞辱,3
1697,虐打,3
1698,婊,3
1699,迷射,3
1700,强奸,3
1701,迷奸,3
1702,操穴,3
1703,身亡,3
1704,行房,3
1705,纳妾,3
1706,操翻,3
1707,操肿,3
1708,操过,3
1709,轮干,3
1710,行尸,3
1711,活死人,3
1712,行尸走肉,3
1713,操死,3
1714,鸡奸,3
1715,性器,3
1716,性交易,3
1717,性冲动,3
1718,性关系,3
1719,性伴侣,3
1720,性交,3
1721,颜射,3
1722,坠楼,3
1723,狂日,3
1724,外围女,3
1725,冰毒,3
1726,大麻,3
1727,援交,3
1728,操服,3
1729,尸体,3
1730,尸块,3
1731,尸身,3
1732,操晕,3
1733,娼妓,3
1734,虐猫,3
1735,开苞,3
1736,割喉,3
1737,干女,3
1738,惨死,3
1739,死于,3
1740,泼酸,3
1741,泼硫酸,3
1742,早泄,3
1743,分尸,3
1744,春宫,3
1745,超淫,3
1746,尸首,3
1747,厉鬼,3
1748,死尸,3
1749,春心,3
1750,春情,3
1751,巨乳,3
1752,春水,3
1753,超骚,3
1754,干淫,3
1755,干炮,3
1756,流产,3
1757,轮奸,3
1758,车震,3
1759,开房,3
1760,操逼,3
1761,操醒,3
1762,操骚,3
1763,床技,3
1764,打死,3
1765,炸死,3
1766,床战,3
1767,平骚,3
1768,活埋,3
1769,干骚,3
1770,放荡,3
1771,干穴,3
1772,拉翔,3
1773,诡异,3
1774,足交,3
1775,放尿,3
1776,怒草,3
1777,叶山丽子,3
1778,星杏奈,3
1779,小林瞳,3
1780,村上丽奈,3
1781,小森爱,3
1782,松本麻里奈,3
1783,林由美香,3
1784,冴岛奈绪,3
1785,加山夏子,3
1786,苍老师,3
1787,波多老师,3
1788,松岛老师,3
1789,卑弥呼,3
1790,白石瞳,3
1791,小鸠美爱,3
1792,朝冈实岭,3
1793,饭岛爱,3
1794,浅仓舞,3
1795,忧木瞳,3
1796,城麻美,3
1797,佳山由实,3
1798,三浦爱佳,3
1799,麻生早苗,3
1800,夕树舞子,3
1801,草凪纯,3
1802,加纳瑞穂,3
1803,光月夜也,3
1804,星野南,3
1805,林絵理,3
1806,小室友里,3
1807,小泽圆,3
1808,水野春季,3
1809,金泽文子,3
1810,吉野纱莉,3
1811,立花绮罗,3
1812,风间由美,3
1813,铃川ちか,3
1814,风间ひとみ,3
1815,风间优美,3
1816,栗栖エリカ,3
1817,铃木麻奈美,3
1818,牧本千幸,3
1819,つかもと友希,3
1820,美空あやか,3
1821,冢本友希,3
1822,奈奈见沙织,3
1823,川岛和津实,3
1824,雏乃燕,3
1825,相原このみ,3
1826,雏野つばめ,3
1827,关保奈美,3
1828,秋菜里子,3
1829,长濑爱,3
1830,葵实野理,3
1831,相川里美,3
1832,友崎玲,3
1833,大浦安娜,3
1834,观月雏乃,3
1835,安倍夏树,3
1836,朝河兰,3
1837,武藤兰,3
1838,草莓牛奶,3
1839,渡濑晶,3
1840,及川奈央,3
1841,若林树里,3
1842,叶不二子,3
1843,蒲川里沙,3
1844,山口玲子,3
1845,幸田李梨,3
1846,岩下美季,3
1847,田畑百子,3
1848,西田美沙,3
1849,堤沙也加,3
1850,星崎未来,3
1851,大泽惠,3
1852,早坂瞳,3
1853,萩原沙耶香,3
1854,荻原沙耶香,3
1855,广濑奈央美,3
1856,苍井空,3
1857,松岛枫,3
1858,酒井千奈美,3
1859,高树玛利亚,3
1860,野原玲,3
1861,美竹凉子,3
1862,树本凉子,3
1863,小泽菜穗,3
1864,黑崎扇菜,3
1865,纹舞兰,3
1866,京乃梓,3
1867,柳田弥生,3
1868,伊东怜,3
1869,南波杏,3
1870,白石日和,3
1871,大石彩香,3
1872,友田真希,3
1873,石原绘理子,3
1874,常盘樱子,3
1875,薰樱子,3
1876,桃井望,3
1877,平泽里菜子,3
1878,藤井彩,3
1879,田中爱,3
1880,仲里爱,3
1881,小仓艾莉丝,3
1882,吉泽明步,3
1883,小森美树,3
1884,紫彩乃,3
1885,杉浦美由,3
1886,叶山みなみ,3
1887,小池瞳,3
1888,青木玲,3
1889,凉果淋,3
1890,香山圣,3
1891,濑户由衣,3
1892,樱朱音,3
1893,爱田奈奈,3
1894,樱田樱,3
1895,蓝山南,3
1896,中岛京子,3
1897,水元优奈,3
1898,君嶋萌,3
1899,长谷川美红,3
1900,古都光,3
1901,小泉彩,3
1902,里美ゆりあ,3
1903,星艾莉丝,3
1904,白鸟樱,3
1905,菅野亚梨沙,3
1906,萩原舞,3
1907,星野飞鸟,3
1908,大冢咲,3
1909,小泉优香,3
1910,持田茜,3
1911,小峰由衣,3
1912,原千寻,3
1913,芹泽直美,3
1914,二宫沙树,3
1915,桃子美优,3
1916,爱田由,3
1917,阿立未来,3
1918,黑木麻衣,3
1919,花野真衣,3
1920,唯川纯,3
1921,麻川丽,3
1922,天衣美津,3
1923,泷泽美铃,3
1924,天宫真奈美,3
1925,泷泽优奈,3
1926,西野翔,3
1927,相泽唯衣,3
1928,北川绘美,3
1929,黑泽英里奈,3
1930,喜田嶋理绪,3
1931,水朝美树,3
1932,藤泽麻理,3
1933,立花里子,3
1934,夏目奈奈,3
1935,爱原理彩,3
1936,星Ryo,3
1937,红音萤,3
1938,秋月杏奈,3
1939,秋本彩,3
1940,北岛优,3
1941,爱内萌,3
1942,川上优,3
1943,吉川萌,3
1944,野宫凛子,3
1945,高岛千代子,3
1946,青山爱,3
1947,あおやまあい,3
1948,Mihiro,3
1949,朝美穗香,3
1950,美咲沙耶,3
1951,神谷姬,3
1952,柚木ティナ,3
1953,芦名未帆,3
1954,樱井梨花,3
1955,姬野爱,3
1956,早川濑里奈,3
1957,晶爱丽,3
1958,大泽佑香,3
1959,西川瞳,3
1960,天海丽,3
1961,辻本凉,3
1962,铃木杏里,3
1963,星野明,3
1964,麻美由真,3
1965,长泽筑实,3
1966,小泽玛丽亚,3
1967,妃乃光,3
1968,泽井真帆,3
1969,香澄果穗,3
1970,麻生岬,3
1971,峰奈由果,3
1972,伊泽千夏,3
1973,叶月奈穗,3
1974,神谷美雪,3
1975,翔田千里,3
1976,菜菜美宁,3
1977,田中美久,3
1978,松野由井,3
1979,佐藤江梨花,3
1980,吉崎直绪,3
1981,小川阿佐美,3
1982,清原凉,3
1983,日野雫,3
1984,爱理和美理,3
1985,朝比奈春,3
1986,樱纱希,3
1987,糸矢芽衣,3
1988,木村那美,3
1989,北原多香子,3
1990,竹内爱,3
1991,北条麻妃,3
1992,白石小百合,3
1993,小坂惠,3
1994,青山雪菜,3
1995,新村爱,3
1996,早乙女优,3
1997,春咲和津实,3
1998,高树圣良,3
1999,恋小夜,3
2000,若菜光,3
2001,小林爱弓,3
2002,纰咲爱弓,3
2003,滨崎里绪,3
2004,筿原絵里香,3
2005,乙音奈奈,3
2006,花宫亚美,3
2007,遥惠美,3
2008,三浦亚沙妃,3
2009,爱川美里菜,3
2010,千田理子,3
2011,真田春香,3
2012,相崎琴音,3
2013,宫泽惠,3
2014,相户爱,3
2015,香坂百合,3
2016,MO☆MO,3
2017,前嶋美步,3
2018,姬咲莉莉亚,3
2019,高原智美,3
2020,加护范子,3
2021,小野濑香恋,3
2022,小日向优,3
2023,北岛玲,3
2024,川嶋夏树,3
2025,青木琳,3
2026,榊里绪,3
2027,广田樱,3
2028,范田纱纱,3
2029,星野美优,3
2030,一之濑亚美莉,3
2031,美上千里,3
2032,爱川纱季,3
2033,永濑亚纪,3
2034,立花美凉,3
2035,堀口奈津美,3
2036,恩田ほのか,3
2037,広瀬奈々美,3
2038,村上里沙,3
2039,真宫梨沙子,3
2040,竹内纱里奈,3
2041,月野姬,3
2042,绫波优,3
2043,岬里沙,3
2044,熊田夏树,3
2045,伊藤青叶,3
2046,原更纱,3
2047,夏目彩春,3
2048,高濑七海,3
2049,南沙也香,3
2050,花川ひらり,3
2051,早乙女露依,3
2052,相田纱耶香,3
2053,翼裕香,3
2054,田中亚弥,3
2055,羽田未来,3
2056,赤西凉,3
2057,仁科沙也加,3
2058,北原夏美,3
2059,鲇川奈绪,3
2060,白鸟凉子,3
2061,若宫莉那,3
2062,飞鸟伊央,3
2063,绫濑美音,3
2064,神谷梨梨,3
2065,明日花绮罗,3
2066,花井美沙,3
2067,青山由衣,3
2068,心有花,3
2069,冬月枫,3
2070,樱木凛,3
2071,水城奈绪,3
2072,大桥未久,3
2073,石黑京香,3
2074,濑名步,3
2075,广濑蓝子,3
2076,小泉梨菜,3
2077,美优千奈,3
2078,星乃星爱,3
2079,南美海,3
2080,爱原翼,3
2081,铃木里美,3
2082,七咲枫花,3
2083,初音实,3
2084,本多成实,3
2085,星优乃,3
2086,饭岛玖罗,3
2087,仓林圣子,3
2088,石仓咏美,3
2089,神田美穂,3
2090,佐伯奈奈,3
2091,佐山爱,3
2092,仙道春奈,3
2093,茉莉桃,3
2094,七草まつり,3
2095,田中志乃,3
2096,樱井优子,3
2097,石川施恩惠,3
2098,石川めぐみ,3
2099,霞理沙,3
2100,百合川沙罗,3
2101,辰巳唯,3
2102,麻生美由树,3
2103,波多野结衣,3
2104,泽木树里,3
2105,茉莉花,3
2106,叶志穗,3
2107,橘未稀,3
2108,石川麻矢,3
2109,爱泽莲,3
2110,明佐奈,3
2111,土屋加奈子,3
2112,城崎麻理子,3
2113,藤井雪莉,3
2114,小峰日向,3
2115,初美理音,3
2116,横山美雪,3
2117,筿原凉,3
2118,三浦加奈,3
2119,望月凉子,3
2120,叶山润子,3
2121,花鸟丽,3
2122,羽田爱,3
2123,大槻响,3
2124,坂田美影,3
2125,长泽梓,3
2126,大泽佳那,3
2127,伊东遥,3
2128,樱井莉亚,3
2129,爱咲MIU,3
2130,雨宫琴音,3
2131,铃香音色,3
2132,羽月希,3
2133,莲井志帆,3
2134,松下怜,3
2135,成濑心美,3
2136,希崎洁西嘉,3
2137,水菜丽,3
2138,日向真昼,3
2139,桃瀬ひかる,3
2140,瀬田爱里,3
2141,铃木かおり,3
2142,黑木一香,3
2143,胡桃雏,3
2144,爱叶渚,3
2145,石原莉奈,3
2146,黑川绮罗,3
2147,原明奈,3
2148,广濑由奈,3
2149,小林初花,3
2150,桐生樱,3
2151,松生彩,3
2152,森美咲,3
2153,并木优,3
2154,浅田琪琪,3
2155,秋元美由,3
2156,原小雪,3
2157,辻沙耶香,3
2158,山咲リリィ,3
2159,朝日奈明,3
2160,秋川露依,3
2161,杏树纱奈,3
2162,栗林里莉,3
2163,希志爱野,3
2164,石川铃华,3
2165,池内莉奈,3
2166,平井绫,3
2167,佳山三花,3
2168,香坂美优,3
2169,月野理纱,3
2170,上原卡艾拉,3
2171,爱海一夏,3
2172,青空小夏,3
2173,真白希实,3
2174,管野静香,3
2175,直嶋爱,3
2176,木下柚花,3
2177,希美真由,3
2178,葵ちひろ,3
2179,葵ぶるま,3
2180,麻仓忧,3
2181,原纱央莉,3
2182,留美佳,3
2183,天海翼,3
2184,橘日向,3
2185,舞滨朱里,3
2186,一条爱美,3
2187,妃悠爱,3
2188,小樱沙树,3
2189,茅之崎里沙,3
2190,种村美咲,3
2191,朝比奈瑠依,3
2192,朝比奈るい,3
2193,筿惠美,3
2194,藤本莉娜,3
2195,藤崎里绪,3
2196,水谷心音,3
2197,爱川香织,3
2198,樱心美,3
2199,速水百花,3
2200,明日香,3
2201,木内美保,3
2202,周防雪子,3
2203,早见琉璃,3
2204,朝香凉,3
2205,内山遥,3
2206,吉冈美奈,3
2207,安西瑠菜,3
2208,新垣圣那,3
2209,白咲舞,3
2210,浅乃晴美,3
2211,桃夏凛,3
2212,濑奈凉,3
2213,卯月麻衣,3
2214,麻田有希,3
2215,星崎杏里,3
2216,小西麻衣,3
2217,大泽美加,3
2218,爱内梨花,3
2219,铃木茶织,3
2220,大冢遥,3
2221,音羽奏,3
2222,牧野田彩,3
2223,佐藤美沙,3
2224,宫川怜,3
2225,爱音真寻,3
2226,安达有里,3
2227,绫濑迪亚娜,3
2228,椎名由奈,3
2229,和叶美玲,3
2230,春川真央,3
2231,今井广野,3
2232,井川由衣,3
2233,茉莉香,3
2234,爱斗优希,3
2235,水泽真树,3
2236,大空花音,3
2237,濑尾惠美里,3
2238,白石美咲,3
2239,橘美穗,3
2240,友田彩也香,3
2241,月见栞,3
2242,优木葵,3
2243,桐原绘里香,3
2244,水嶋杏美,3
2245,藤浦惠,3
2246,泉麻那,3
2247,松下美香,3
2248,秋山祥子,3
2249,城户叶子,3
2250,京香JULIA,3
2251,弘前亮子,3
2252,加藤莉娜,3
2253,初美沙希,3
2254,春菜花,3
2255,折笠弥生,3
2256,绘色千佳,3
2257,大岛理子,3
2258,神河美音,3
2259,原田明绘,3
2260,福山沙耶香,3
2261,玛丽亚·艾莉由里,3
2262,若叶久留美,3
2263,三村千奈,3
2264,藤原瞳,3
2265,进藤美久,3
2266,青木莉子,3
2267,山口理子,3
2268,岛田阳子,3
2269,北川瞳,3
2270,爱里未来,3
2271,小西悠,3
2272,仓木美绪,3
2273,美咲结衣,3
2274,仁科百华,3
2275,乃乃果花,3
2276,小仓奈奈,3
2277,瑠川里菜,3
2278,筿原杏,3
2279,立花纱耶,3
2280,矢吹杏,3
2281,优希麻琴,3
2282,柚本纱希,3
2283,美雪艾莉丝,3
2284,藤北彩香,3
2285,西山希,3
2286,西条琉璃,3
2287,希咲彩,3
2288,织田真子,3
2289,有村千佳,3
2290,筿田步美,3
2291,朝田芭娜娜,3
2292,中野亚梨沙,3
2293,小岛南,3
2294,星野响,3
2295,山口理红,3
2296,大冢莲,3
2297,前田优希,3
2298,上原瑞穗,3
2299,神咲诗织,3
2300,小向美奈子,3
2301,堀咲莉娅,3
2302,前田香织,3
2303,冲田杏梨,3
2304,观月茜,3
2305,樱濑奈,3
2306,佐藤遥希,3
2307,上原亚衣,3
2308,夏目优希,3
2309,爱内希,3
2310,朱音唯,3
2311,桐谷尤莉亚,3
2312,由爱可奈,3
2313,小仓柚子,3
2314,安城安娜,3
2315,本庄瞳,3
2316,枢木美栞,3
2317,秋吉雏,3
2318,秋野千寻,3
2319,奥田咲,3
2320,滨崎真绪,3
2321,凉宫琴音,3
2322,青山沙希,3
2323,尾上若叶,3
2324,纱仓真菜,3
2325,麻生希,3
2326,泷泽萝拉,3
2327,水咲萝拉,3
2328,芦名尤利娅,3
2329,桐嶋葵,3
2330,古川伊织,3
2331,藤泽美羽,3
2332,长谷川理穗,3
2333,舞咲美娜,3
2334,板野有纪,3
2335,白石夏美,3
2336,山下优衣,3
2337,宇佐美奈奈,3
2338,知花梅莎,3
2339,一条绮美香,3
2340,上原千寻,3
2341,木村都那,3
2342,彩美旬果,3
2343,松本芽依,3
2344,饭冈佳奈子,3
2345,小早川怜子,3
2346,白木优子,3
2347,日向优梨,3
2348,星野娜美,3
2349,爱乃娜美,3
2350,川上奈奈美,3
2351,木下和津实,3
2352,樱井步,3
2353,山手栞,3
2354,保坂绘里,3
2355,北川杏树,3
2356,橘梨纱,3
2357,堀内秋美,3
2358,凪野美忧,3
2359,白石茉莉奈,3
2360,中谷美结,3
2361,爱泽花梨,3
2362,宇都宫紫苑,3
2363,坂口美穗乃,3
2364,桐嶋永久子,3
2365,吉川爱美,3
2366,逢坂春菜,3
2367,川村真矢,3
2368,成宫琉璃,3
2369,原千草,3
2370,新山沙弥,3
2371,玉名美良,3
2372,凑莉久,3
2373,梦乃爱华,3
2374,绪川里绪,3
2375,本庄优花,3
2376,水野朝阳,3
2377,卯水咲流,3
2378,高冢玲奈,3
2379,春乃奈奈,3
2380,足立尚子,3
2381,田原伸江,3
2382,槇原爱菜,3
2383,铃木心春,3
2384,神尾舞,3
2385,樱由罗,3
2386,芦田知子,3
2387,大空美绪,3
2388,永濑里美,3
2389,安野由美,3
2390,澁谷果步,3
2391,森春流,3
2392,香椎梨亚,3
2393,木南日菜,3
2394,园田美樱,3
2395,广濑海,3
2396,今村加奈子,3
2397,藤川千夏,3
2398,长谷川留衣,3
2399,三上悠亚,3
2400,菜菜叶,3
2401,迹美朱里,3
2402,美竹玲,3
2403,铃木真夕,3
2404,花泽杏,3
2405,七菜原湖子,3
2406,桃木希,3
2407,北川柚子,3
2408,赤梨美来,3
2409,凰香奈芽,3
2410,樱井绫音,3
2411,阿川りほ,3
2412,二阶堂百合,3
2413,山口沙英,3
2414,三岛奈津子,3
2415,并木塔子,3
2416,佐野あおい,3
2417,池井戸エミリ,3
2418,白川麻衣,3
2419,渡辺由梨香,3
2420,戸田真琴,3
2421,最上架纯,3
2422,小池里菜,3
2423,相川润,3
2424,西园寺ミヅキ,3
2425,笹川里穗,3
2426,百合咲うるみ,3
2427,初野こころ,3
2428,久野せいな,3
2429,筿崎みお,3
2430,笹山千寻,3
2431,舞野いつき,3
2432,ItsukiMaino,3
2433,成宫美琴,3
2434,坂井里美,3
2435,北川ゆず,3
2436,绪奈もえ,3
2437,今井真由美,3
2438,夏目あきら,3
2439,今井すみか,3
2440,観月奏,3
2441,河西ちなみ,3
2442,桥本ありな,3
2443,新井梓,3
2444,笹仓杏,3
2445,柳あきら,3
2446,千野久留美,3
2447,舞岛明里,3
2448,神木优爱,3
2449,白石堇,3
2450,神谷秋妃,3
2451,美咲あや,3
2452,青山はな,3
2453,秋月心音,3
2454,ゆいかまな,3
2455,南真菜果,3
2456,石原ゆうか,3
2457,日比乃さとみ,3
2458,笹本结爱,3
2459,纱纱原百合,3
2460,星空キラリ,3
2461,埴生みこ,3
2462,今宫いずみ,3
2463,纱纱原百合,3
2464,前园希美,3
2465,真木ゆかり,3
2466,西园寺ミヅキ,3
2467,4r5e,3
2468,5h1t,3
2469,5hit,3
2470,a55,3
2471,anal,3
2472,anus,3
2473,ar5e,3
2474,arrse,3
2475,arse,3
2476,ass,3
2477,ass-fucker,3
2478,asses,3
2479,assfucker,3
2480,assfukka,3
2481,asshole,3
2482,assholes,3
2483,asswhole,3
2484,a_s_s,3
2485,b!tch,3
2486,b00bs,3
2487,b17ch,3
2488,b1tch,3
2489,ballbag,3
2490,balls,3
2491,ballsack,3
2492,bastard,3
2493,beastial,3
2494,beastiality,3
2495,bellend,3
2496,bestial,3
2497,bestiality,3
2498,bi+ch,3
2499,biatch,3
2500,bitch,3
2501,bitcher,3
2502,bitchers,3
2503,bitches,3
2504,bitchin,3
2505,bitching,3
2506,bloody,3
2507,blow job,3
2508,blowjob,3
2509,blowjobs,3
2510,boiolas,3
2511,bollock,3
2512,bollok,3
2513,boner,3
2514,boob,3
2515,boobs,3
2516,booobs,3
2517,boooobs,3
2518,booooobs,3
2519,booooooobs,3
2520,breasts,3
2521,buceta,3
2522,bugger,3
2523,bum,3
2524,bunny fucker,3
2525,butt,3
2526,butthole,3
2527,buttmuch,3
2528,buttplug,3
2529,c0ck,3
2530,c0cksucker,3
2531,carpet muncher,3
2532,cawk,3
2533,chink,3
2534,cipa,3
2535,cl1t,3
2536,clit,3
2537,clitoris,3
2538,clits,3
2539,cnut,3
2540,cock,3
2541,cock-sucker,3
2542,cockface,3
2543,cockhead,3
2544,cockmunch,3
2545,cockmuncher,3
2546,cocks,3
2547,cocksuck ,3
2548,cocksucked ,3
2549,cocksucker,3
2550,cocksucking,3
2551,cocksucks ,3
2552,cocksuka,3
2553,cocksukka,3
2554,cok,3
2555,cokmuncher,3
2556,coksucka,3
2557,coon,3
2558,cox,3
2559,crap,3
2560,cum,3
2561,cummer,3
2562,cumming,3
2563,cums,3
2564,cumshot,3
2565,cunilingus,3
2566,cunillingus,3
2567,cunnilingus,3
2568,cunt,3
2569,cuntlick ,3
2570,cuntlicker ,3
2571,cuntlicking ,3
2572,cunts,3
2573,cyalis,3
2574,cyberfuc,3
2575,cyberfuck ,3
2576,cyberfucked ,3
2577,cyberfucker,3
2578,cyberfuckers,3
2579,cyberfucking ,3
2580,d1ck,3
2581,damn,3
2582,dick,3
2583,dickhead,3
2584,dildo,3
2585,dildos,3
2586,dink,3
2587,dinks,3
2588,dirsa,3
2589,dlck,3
2590,dog-fucker,3
2591,doggin,3
2592,dogging,3
2593,donkeyribber,3
2594,doosh,3
2595,duche,3
2596,dyke,3
2597,ejaculate,3
2598,ejaculated,3
2599,ejaculates ,3
2600,ejaculating ,3
2601,ejaculatings,3
2602,ejaculation,3
2603,ejakulate,3
2604,f u c k,3
2605,f u c k e r,3
2606,f4nny,3
2607,fag,3
2608,fagging,3
2609,faggitt,3
2610,faggot,3
2611,faggs,3
2612,fagot,3
2613,fagots,3
2614,fags,3
2615,fanny,3
2616,fannyflaps,3
2617,fannyfucker,3
2618,fanyy,3
2619,fatass,3
2620,fcuk,3
2621,fcuker,3
2622,fcuking,3
2623,feck,3
2624,fecker,3
2625,felching,3
2626,fellate,3
2627,fellatio,3
2628,fingerfuck ,3
2629,fingerfucked ,3
2630,fingerfucker ,3
2631,fingerfuckers,3
2632,fingerfucking ,3
2633,fingerfucks ,3
2634,fistfuck,3
2635,fistfucked ,3
2636,fistfucker ,3
2637,fistfuckers ,3
2638,fistfucking ,3
2639,fistfuckings ,3
2640,fistfucks ,3
2641,flange,3
2642,fook,3
2643,fooker,3
2644,fuck,3
2645,fucka,3
2646,fucked,3
2647,fucker,3
2648,fuckers,3
2649,fuckhead,3
2650,fuckheads,3
2651,fuckin,3
2652,fucking,3
2653,fuckings,3
2654,fuckingshitmotherfucker,3
2655,fuckme ,3
2656,fucks,3
2657,fuckwhit,3
2658,fuckwit,3
2659,fudge packer,3
2660,fudgepacker,3
2661,fuk,3
2662,fuker,3
2663,fukker,3
2664,fukkin,3
2665,fuks,3
2666,fukwhit,3
2667,fukwit,3
2668,fux,3
2669,fux0r,3
2670,f_u_c_k,3
2671,gangbang,3
2672,gangbanged ,3
2673,gangbangs ,3
2674,gaylord,3
2675,gaysex,3
2676,goatse,3
2677,God,3
2678,god-dam,3
2679,god-damned,3
2680,goddamn,3
2681,goddamned,3
2682,hardcoresex ,3
2683,hell,3
2684,heshe,3
2685,hoar,3
2686,hoare,3
2687,hoer,3
2688,homo,3
2689,hore,3
2690,horniest,3
2691,horny,3
2692,hotsex,3
2693,jack-off ,3
2694,jackoff,3
2695,jap,3
2696,jerk-off ,3
2697,jism,3
2698,jiz ,3
2699,jizm ,3
2700,jizz,3
2701,kawk,3
2702,knob,3
2703,knobead,3
2704,knobed,3
2705,knobend,3
2706,knobhead,3
2707,knobjocky,3
2708,knobjokey,3
2709,kock,3
2710,kondum,3
2711,kondums,3
2712,kum,3
2713,kummer,3
2714,kumming,3
2715,kums,3
2716,kunilingus,3
2717,l3i+ch,3
2718,l3itch,3
2719,labia,3
2720,lmfao,3
2721,lust,3
2722,lusting,3
2723,m0f0,3
2724,m0fo,3
2725,m45terbate,3
2726,ma5terb8,3
2727,ma5terbate,3
2728,masochist,3
2729,master-bate,3
2730,masterb8,3
2731,masterbat*,3
2732,masterbat3,3
2733,masterbate,3
2734,masterbation,3
2735,masterbations,3
2736,masturbate,3
2737,mo-fo,3
2738,mof0,3
2739,mofo,3
2740,mothafuck,3
2741,mothafucka,3
2742,mothafuckas,3
2743,mothafuckaz,3
2744,mothafucked ,3
2745,mothafucker,3
2746,mothafuckers,3
2747,mothafuckin,3
2748,mothafucking ,3
2749,mothafuckings,3
2750,mothafucks,3
2751,mother fucker,3
2752,motherfuck,3
2753,motherfucked,3
2754,motherfucker,3
2755,motherfuckers,3
2756,motherfuckin,3
2757,motherfucking,3
2758,motherfuckings,3
2759,motherfuckka,3
2760,motherfucks,3
2761,muff,3
2762,mutha,3
2763,muthafecker,3
2764,muthafuckker,3
2765,muther,3
2766,mutherfucker,3
2767,n1gga,3
2768,n1gger,3
2769,nazi,3
2770,nigg3r,3
2771,nigg4h,3
2772,nigga,3
2773,niggah,3
2774,niggas,3
2775,niggaz,3
2776,nigger,3
2777,niggers ,3
2778,nob,3
2779,nob jokey,3
2780,nobhead,3
2781,nobjocky,3
2782,nobjokey,3
2783,numbnuts,3
2784,nutsack,3
2785,orgasim ,3
2786,orgasims ,3
2787,orgasm,3
2788,orgasms ,3
2789,p0rn,3
2790,pawn,3
2791,pecker,3
2792,penis,3
2793,penisfucker,3
2794,phonesex,3
2795,phuck,3
2796,phuk,3
2797,phuked,3
2798,phuking,3
2799,phukked,3
2800,phukking,3
2801,phuks,3
2802,phuq,3
2803,pigfucker,3
2804,pimpis,3
2805,piss,3
2806,pissed,3
2807,pisser,3
2808,pissers,3
2809,pisses ,3
2810,pissflaps,3
2811,pissin ,3
2812,pissing,3
2813,pissoff ,3
2814,poop,3
2815,porn,3
2816,porno,3
2817,pornography,3
2818,pornos,3
2819,prick,3
2820,pricks ,3
2821,pron,3
2822,pube,3
2823,pusse,3
2824,pussi,3
2825,pussies,3
2826,pussy,3
2827,pussys ,3
2828,rectum,3
2829,retard,3
2830,rimjaw,3
2831,rimming,3
2832,s hit,3
2833,s.o.b.,3
2834,sadist,3
2835,schlong,3
2836,screwing,3
2837,scroat,3
2838,scrote,3
2839,scrotum,3
2840,semen,3
2841,sex,3
2842,sh!+,3
2843,sh!t,3
2844,sh1t,3
2845,shag,3
2846,shagger,3
2847,shaggin,3
2848,shagging,3
2849,shemale,3
2850,shi+,3
2851,shit,3
2852,shitdick,3
2853,shite,3
2854,shited,3
2855,shitey,3
2856,shitfuck,3
2857,shitfull,3
2858,shithead,3
2859,shiting,3
2860,shitings,3
2861,shits,3
2862,shitted,3
2863,shitter,3
2864,shitters ,3
2865,shitting,3
2866,shittings,3
2867,shitty ,3
2868,skank,3
2869,slut,3
2870,sluts,3
2871,smegma,3
2872,smut,3
2873,snatch,3
2874,son-of-a-bitch,3
2875,spac,3
2876,spunk,3
2877,s_h_i_t,3
2878,t1tt1e5,3
2879,t1tties,3
2880,teets,3
2881,teez,3
2882,testical,3
2883,testicle,3
2884,tit,3
2885,titfuck,3
2886,tits,3
2887,titt,3
2888,tittie5,3
2889,tittiefucker,3
2890,titties,3
2891,tittyfuck,3
2892,tittywank,3
2893,titwank,3
2894,tosser,3
2895,turd,3
2896,tw4t,3
2897,twat,3
2898,twathead,3
2899,twatty,3
2900,twunt,3
2901,twunter,3
2902,v14gra,3
2903,v1gra,3
2904,vagina,3
2905,viagra,3
2906,vulva,3
2907,w00se,3
2908,wang,3
2909,wank,3
2910,wanker,3
2911,wanky,3
2912,whoar,3
2913,whore,3
2914,willies,3
2915,willy,3
2916,xrated,3
2917,xxx,3
