,title,true_label
0,·酒店的5个奇怪服务，你受得了吗？,0
1,·情侣地铁上当众大尺度亲热 多数网友表,1
2,·搞笑动图之美女系列，真的很养眼！,0
3,·范冰冰赵薇 明星母亲超牛家底背景曝光(组图),0
4,·不服来辩！揭秘11条情场潜规则(组图),1
5,·古生物学家要把鸡变恐龙 “鸡龙”靠谱吗？,0
6,·行尸走肉回归 AMC发布最新预告,0
7,·夏日颜值爆表的极品美女都是这样穿的，诱惑到底！,0
8,·480位环卫工被罚款 别问为什么,0
9,·赵丽颖陈晓分手 赵丽颖陈晓分手是真吗,0
10,·韩国最美体育老师 学生都舍不得下课,0
11,·12星座女缺点一览表,0
12,·嫌没坐飞机打父亲 儿子火车站内怒打老父,1
13,·狒狒肆虐农场 频频性骚扰当地女性!,1
14,·6种古代的避孕方法，哪种方法最让你意,1
15,·那些被皇帝爱到骨子里的绝色佳人(组图),0
16,·看看女神明星的卸妆照，瞬间自信心爆棚！,0
17,·性感艳星梦露死亡之谜，死于谋杀？,1
18,·韩国美女教师秀一字腿 泳装身材性感火辣,1
19,·昆凌自嘲怀孕传闻：说得我都该练习一下了,1
20,·记住这些知识，关键时救孩子一命,0
21,·女教师微博秀性感身躯爆红 腹肌完美(组图),1
22,·浙江一老汉公交车上扔手榴弹!,1
23,·为啥男人都喜欢20多岁的美女？,0
24,·长得丑被扣年终奖 长得丑也有错,0
25,·曝刘翔葛天分居:刘翔葛天婚后分居,1
26,·中国美女都在哪些城市 结果出乎人们意料！,0
27,·男子给女友上锁12年 防其出轨以保忠诚,1
28,·萌妹子悬崖求婚 华山惊现萌妹子大胆求婚,0
29,·盘点27部提升女人品味和情商的电影！,0
30,·克里米亚美女检察长再曝出美照,0
31,·让呆萌草泥马见证你的婚礼，真的不来一只吗？,0
32,·怎么选涨停板的股 涨停板上抓涨停,0
33,·韩团成员敏雅穿＂下衣失踪装＂秀美腿!,1
34,·看到第三句我就笑喷了 巨搞笑超劲爆,0
35,陈赫张子萱热吻 公寓内做饭时贴身缠绵,1
36,·华晨宇受邀格莱美 粉丝机场热情送机,0
37,·这些错误千万别犯！ 否则装修会是“无底洞”！,0
38,·林更新恋情疑曝光 携名模陈碧舸同回寓所,0
39,·美人的“标志”你有几个？,0
40,·李宇春徽晚秀美腿 遭粉丝抓手“揩油”,1
41,·女学生遭到绑架沦为贼人的性奴!,1
42,·章子怡黑范冰冰 章子怡与范冰冰的恩怨,1
43,·李艾被求婚成功 男友张徐宁下跪献大钻戒,0
44,·20岁小伙被大叔包养后抛弃!,1
45,·你的熬夜理由 女人熬夜等如自杀,0
46,·泰国美女第一完美身材 瞬间爆红网络(图),
47,·为挣学费拍成人片 这没什么羞耻,1
48,·K歌过猛肺泡破裂 高音不是想飙就能飙,1
49,·北京初雪 北京迎来2015初雪,0
50,·EMS滚出快递界 邮政解释因货多人少,0
51,·女子嫌乳房太大缩胸失败告医院!,1
52,·刘翔婚变揭秘：为红烧肉曾婆媳翻脸！,0
53,·史上最强台妹电臀震得人头发晕!,1
54,·赵雅芝爱国微博被骂 她为何遭此嘲讽,0
55,·尼格买提娇妻美照曝光 新疆美女气质迷人,0
56,·精神出轨更可怕 男人精神出轨可怕吗,1
57,·手绘3D“眩晕”美女，你敢凝望画中的她吗？,0
58,·眼睛看哪呢？女星傲娇身材被偷窥的尴尬场面,1
59,·别逼我穿衬衫，因为美得连自己都不敢相信！,0
60,·史上最让你错乱的错觉广场舞 你晕了吗？,0
61,·令人震惊：实拍女子整容失败 从美女变猪头大妈,1
62,·生肖属狗女人羊年运程,0
63,·日泰混血美女走红网络 清新似初恋！,0
64,·12星座注定错过的恋人,0
65,·坐姿泄露女人的秘密,1
66,·日本超级宅男竟27年不出家门!,0
67,·便秘烂嘴角 宝宝节后上火了怎么办,0
68,·奶爸周杰伦3亿豪宅曝光 坐拥飞机豪车生活奢侈,0
69,·15岁少女1年“魔鬼”减肥20多斤致闭经,1
70,·偷舔冰激凌后放回 超市偷舔冰激凌,1
71,·负面情绪隐藏在潜意识里 接纳你的负面情绪,0
72,·刘谦婚纱照曝光模特妻子性感私照大起底！,1
73,·还我古巨基 古巨基淘汰数百万网友声援,0
74,·农村剩男恐慌：多个小伙排队跟同一姑娘相亲,0
75,·看完你会震惊的！糙汉子被女友调教成伪娘,1
76,·关于人体14个罕为人知的小秘密，你知道几个？,0
77,·盘点拥有最美臀部8位中国美女明星(组图),1
78,·环卫工被打破眼球 劝路人别乱扔垃圾,1
79,·九大最难吃的蔬菜 哪一个最让你不能忍受,0
80,·年轻人不要老熬夜 习大大劝你早点睡,0
81,·啥面相女人这辈子命最好 旺夫女人面相,0
82,·金星口述自己变性手术过程，我们的人生：完美！,1
83,·做什么梦预示发财,0
84,·男人眼中的绿茶婊 喜欢的理由很简单,1
85,·女老板遭工人软禁 公司拖欠加工款,1
86,·北京取消燃油附加费 运价不再含附加费,0
87,·武打巨星 谁排第一 成龙只能排第二？,0
88,·胎盘饮料、母牛液体 盘点全球最诡异的饮料！,1
89,·告别姚贝娜 姚贝娜遗体告别会20日举行,0
90,·车模被喝奶一万 莫露露10万元喝奶,1
91,·不要轻易对孩子说的4句话,0
92,·孕妇吃酱油，胎宝皮肤真的会变黑吗？,0
93,·何炅聊两性话题大尺度谈初夜 与前女友绯闻很雷人,1
94,·公务员希望涨工资 给点阳光就灿烂,0
95,·把我的毛剃成这样，你有想过我的感受吗？,0
96,·女模裸腿放鞭炮 展现另类性感惹争议,1
97,·医生扶摔倒老人被讹 老人赖上好心人,0
98,·萝莉到女神，越长越美的姑娘们,0
99,·孕妇必听的十首胎教音乐！,0
100,·废除退休养老金双轨制的最新消息,0
101,·停车被贴卫生巾 女子路边停车遭“羞辱”,1
102,·细数中国10大性感女星，看看有你女神没？,1
103,·外媒眼中的中国春节：春晚、抢票、抢红包,0
104,·19句抽耳光般的狠话，不爱听，却很现实！,0
105,·黑诊所就医被割喉 放血3分钟死亡,1
106,·人脑的记忆可以下载后再上传！听上去很疯狂,0
107,·45岁台湾辣妈身材脸蛋似18岁少女，爆红网络！,0
108,·俄罗斯为什么是美女“高产国”？,0
109,·鱼香肉丝没有鱼就投诉，你让老婆饼怎么卖呢？,0
110,·揭秘中国比城市更霸气的9大土豪村,0
111,·孩子在母亲死后 与其同住了7天!,1
112,糗图榜：妹子，这么自拍不太好吧,0
113,·刘德华的小姨子到底是谁？揭秘男星背后的绝美小姨子们,0
114,·为什么很多男人都想娶个日本老婆,0
115,·颜值爆表，再过十年你的手机竟然长成这样,0
116,·李冰冰发床照求“脱光”：时刻准备着,1
117,·小品引乒乓国手不满:开心麻花致歉,0
118,·春晚视频泄露 2015年春晚节目单泄露,0
119,·帮张起灵上头条 张起灵是谁,0
120,·盘点那些被无数次翻拍的经典少女漫画,0
121,·颜值高就是任性，Angelababy怎么穿都是那么美！,0
122,·男生想看女生素颜9大理由，竟然是这样?,0
123,·情商低的行为有哪些 女人情商低的表现,0
124,·奇葩的民族！印度民间诡异吓人的怪技,1
125,·男人最想疼爱的星座女,0
126,·美丽模特们的夏日诱惑 看谁最性感(组图),1
127,·挖坑代表被批捕:或面临七年以内刑罚,0
128,·女生被同学轮扇耳光 面颊红肿不敢反抗,1
129,·带6岁儿子进女浴室 带男童进女浴室洗澡,1
130,·安倍大肠癌 日媒称安倍突然更换主治医师,0
131,·五种恐怖片中最容易「一出场就死掉」的角色,1
132,·黑白之魅！图说好莱坞黄金时代的美女,0
133,·外国新娘太会玩儿：卫生纸婚纱美美哒,0
134,·韩10万假面膜销往中国 韩国查抄造假窝点,0
135,·男人最想让你吻的部位,0
136,·日本：喜欢女仆？你可以租一个,0
137,·你们果然是失散多年的姐弟？还是姐妹？,0
138,·十二生肖谁天生富贵命,0
139,·太疯狂了！看图腿就有点软！,0
140,·男子购买豪车 仅驾驶3天后漏油!,0
141,·浙大美女体育老师:拿过多项全国冠军,0
142,·央视春晚金句频出 反腐作品讽刺力度大,0
143,·有哪些雕像胸部都被游客摸遍了？,1
144,·给你最爱的人留一句话吧 最爱你的人是我,0
145,·情侣地铁上当众大尺度亲热 多数网友表示反感!,1
146,·实拍不为人知的韩国红灯区风尘女私密生活,1
147,·初三女生供四男喝奶 初中惊现喂奶门,1
148,·全民女神童菲：童菲个人资料及照片,0
149,·屋宅风水十大格局禁忌,0
150,·两会足以让贪官心惊胆战的瞬间,0
151,·献给母亲80岁生日贺词 祝妈妈健康长寿,0
152,·有很漂亮的亲姐妹是一种什么样的体验,0
153,·印第安人的古怪习俗 结婚离婚习以为常！,0
154,·你的异性社交恐惧症有多严重？,0
155,·职场上最厉害的星座女,0
156,·太养眼了！街拍美女之都重庆 果然名不虚传 我要去！,0
157,·岛国腐女闺房“堕落”到无法直视!,1
158,·盘点女足世界杯十大美女 长相惊艳身材火辣,1
159,·女星展开撕腿超级大战越细越美!,1
160,·御姐和萝莉间自由切换的10大女星！,0
161,·双胞胎姐妹争男友 上演骨肉相残的悲剧,1
162,·据说这些地方的艳遇指数高达99%(组图),1
163,·睡眠不好多梦的原因,0
164,·马云的阿里未来规划 马云有望入股新华保险,0
165,·扮皇军闹洞房 闹洞房欺负新娘伴娘,1
166,·盘点NBA场边美女球迷 各自独领风骚,1
167,·青年旅社男女混住 新西兰青年旅社的那些事儿,0
168,·因吃得多被夫打 吃得多也有罪,0
169,·14个功夫之王李小龙不为人知的秘密,0
170,·19岁小仙女模特大秀长腿，被美哭！,0
171,·中国古代的滴血认亲法真的可靠吗？,0
172,·盘点：世界政坛上的女中豪杰们,0
173,·揭秘刘德华20年前为何拒绝王祖贤追求,0
174,·有颜任性！原来这些明星如此“逗比”!,0
175,·床这么大空着浪费 父亲催儿子找女友换大床,0
176,·最讨男生喜欢的女生 女生如何讨男生喜欢,0
177,·日本女人做陪酒女郎为了排解压力!,1
178,·女人怎样的八字命旺夫,0
179,"·一大波贵阳旗袍美女来袭:窈窕身姿,太养眼啦！",0
180,·西方男为何对会中国女情有独钟？,0
181,·揭秘在金庸武侠世界中的五大失贞女子（图）,1
182,·爱自拍的男人更变态 你躺枪了吗,1
183,"·这十三件事,你千万不要做!切记!",0
184,·如此准妈真奇葩 生娃前1钟头才知怀孕！,0
185,·比基尼美女用双腿夹碎3个西瓜 秀健壮肌肉(图),0
186,·人要好好珍惜身边朋友 一如珍惜自己一样,0
187,·娱乐圈里美女如云 她们竟然全是少数民族,0
188,·巨蟹男喜欢双鱼女什么,0
189,·756万元大奖兑奖引围观 得主系高富帅!,0
190,·多少年来印度人为什么喜欢用手抓饭吃,0
191,·日本成人女性为什么要穿尿布？,1
192,·十二星座男的最佳恋人,0
193,·最期待谁上跑男 跑男第一季收官有余韵,0
194,·竟雇奶妈回家直接喝奶 深圳流行人乳交易,1
195,·盘点中国古代最著名的十次出轨,1
196,·唐僧不愿留女儿国的神秘原因,
197,·12星座男人怎么疼爱人,0
198,·什么生日的人易劈腿,0
199,·男性最喜欢女友对自己撒娇的4大方式,0
200,·女朋友是一个包子 有一种想吃了它的冲动,0
201,·9部让你看到酣畅淋漓的复仇电影！,0
202,·生肖属鼠女人一生运程,0
203,·印度警方用少女诱捕色狼 致其惨遭二度强奸,1
204,·假新闻的危害 怎样区别网络假新闻,0
205,·妹纸这么开心，节操掉出来了你造么。。。,1
206,·揭秘58岁邓婕流泪后悔放弃生育的隐情,1
207,·世界上屌炸天的房车，跑车神马的都弱爆了,0
208,·男子暴打继母 打人者自称因经济纠纷,1
209,·银行女职员点钞后没洗手就上厕所染上性病,1
210,·女子遭弃尸公寓水塔 居民喝怪味水一年,1
211,·自测：好色分5级你是哪一等？,1
212,·2015中国考生最青睐大学排行榜,0
213,·男子租女友回家致怀孕 38岁男子租女友回家,1
214,45岁台湾辣妈身材脸蛋似18岁少女，爆红,0
215,·这是一个严肃的化学问题：为什么水是湿的？,0
216,·盘点世界最“重口味”菜肴!,1
217,·艳遇最多的7种面相，你占几个？,1
218,·这才是“被神选中的美少女”啊 不服来战！(图),0
219,·羊年工资就不交 中国男人强起来,0
220,·找越南农村女人做老婆 卖给朋友被判刑,1
221,·好闺蜜：不求同年同月同日生但求同鼻同脸,0
222,·环卫大爷神回复 过年要不要放鞭炮,0
223,·天气这么热，姑娘你真的穿裤子了吗？,0
224,·交警保护过路学生被撞 所有交警的榜样,0
225,·被爱是奢侈的幸福 可惜你从来不在乎,0
226,·能把电灯泡当到这种地步。。。也是醉了,0
227,·日本毕业典礼，你确定你是学霸不是逗B？,0
228,·我是男生 昨天我被一个女生强吻,1
229,·陈数时尚现身街头 简约酷玩熟女范儿,0
230,·最健康的作息时间表 你做到了多少,0
231,老人墓中居住30年 深山采药发现古墓,0
232,·徐静蕾解救单身狗 有一个地方只有我们知道,0
233,·男人比女人多3376万 中国大陆人口达13.6亿人,0
234,·霍金与俄富翁启动外星生命搜寻项目,0
235,·教你如何用香蕉打开啤酒瓶？,0
236,·你有思考过你拉的翔都去哪儿了吗？,1
237,·女子捕获蓝皮蓝眼恐怖怪狗 只吸鸡血不吃肉,1
238,·霸气！4岁女童母亲婚礼上强吻男伴。,0
239,·古代坑爹一族！真是坑死爹不偿命！,0
240,·央视美女主播刘芳菲大学旧照清纯佳人,0
241,情商低的行为有哪些 女人情商低的表现,0
242,·演艺圈没有真兄弟 明星跳出来反驳,0
243,·明星们的不雅睡姿，简直登峰造极啊！,1
244,如何控制你的梦境？你能分清现实与梦境,0
245,·妹纸这么开心，节操掉出来了你造么。。,1
246,·清明节最新放假的安排已经出炉,0
247,·baby疯狂晒恩爱 和黄晓明互抛媚眼调情,0
248,·男人学会这9招，可以征服一切女人,1
249,"·一大波贵阳旗袍美女来袭:窈窕身姿,太养",0
250,·小S:谁有我紧 公公看我眼神怪,0
251,·恋爱中的女孩子拒绝亲吻是为什么,0
252,·盘点：找个胖子做老公的5大好处,0
253,·逝去的光荣：盘点我军先后撤销的7大兵种！,0
254,·如何控制你的梦境？你能分清现实与梦境吗？,0
255,·6种古代的避孕方法，哪种方法最让你意外？,1
256,·“炫腹”Out啦！城里人都这么玩：锁骨上放硬币,0
257,·韩红滚出我是歌手 韩红为什么被骂,0
258,·才有8个月，她已然就已经征服了全世界！,0
259,·女人最迷人的十个部位，你知道几个呢？,0
260,·九张图告诉你科比比起詹姆斯到底差在哪！,0
261,·糗图榜：妹子，这么自拍不太好吧,1
262,·看看明星们的素颜照能把你惊呆！,0
263,·揭秘酒店试睡员 要求身体敏感!,1
